snapshot_date,product_id,stock_on_hand
2024-01-01,1,24
2024-01-08,1,20
2024-01-15,1,17
2024-01-22,1,11
2024-01-29,1,57
2024-02-05,1,52
2024-02-12,1,45
2024-02-19,1,42
2024-02-26,1,36
2024-03-04,1,32
2024-03-11,1,25
2024-03-18,1,22
2024-03-25,1,16
2024-04-01,1,10
2024-04-08,1,6
2024-04-15,1,49
2024-04-22,1,39
2024-04-29,1,34
2024-05-06,1,30
2024-05-13,1,24
2024-05-20,1,15
2024-05-27,1,2
2024-06-03,1,0
2024-06-10,1,46
2024-06-17,1,40
2024-06-24,1,36
2024-07-01,1,31
2024-07-08,1,28
2024-07-15,1,24
2024-07-22,1,16
2024-07-29,1,13
2024-08-05,1,3
2024-08-12,1,46
2024-08-19,1,39
2024-08-26,1,34
2024-09-02,1,26
2024-09-09,1,21
2024-09-16,1,13
2024-09-23,1,6
2024-09-30,1,0
2024-10-07,1,0
2024-10-14,1,38
2024-10-21,1,33
2024-10-28,1,30
2024-11-04,1,21
2024-11-11,1,19
2024-11-18,1,17
2024-11-25,1,12
2024-12-02,1,53
2024-12-09,1,48
2024-12-16,1,38
2024-12-23,1,34
2024-12-30,1,23
2025-01-06,1,19
2025-01-13,1,16
2025-01-20,1,7
2025-01-27,1,51
2025-02-03,1,45
2025-02-10,1,39
2025-02-17,1,33
2025-02-24,1,28
2025-03-03,1,19
2025-03-10,1,11
2025-03-17,1,7
2025-03-24,1,2
2025-03-31,1,45
2025-04-07,1,41
2025-04-14,1,36
2025-04-21,1,33
2025-04-28,1,28
2025-05-05,1,24
2025-05-12,1,17
2025-05-19,1,12
2025-05-26,1,5
2025-06-02,1,1
2025-06-09,1,45
2025-06-16,1,40
2025-06-23,1,31
2025-06-30,1,21
2025-07-07,1,13
2025-07-14,1,7
2025-07-21,1,0
2025-07-28,1,49
2025-08-04,1,40
2025-08-11,1,36
2025-08-18,1,27
2025-08-25,1,20
2025-09-01,1,14
2025-09-08,1,3
2025-09-15,1,46
2025-09-22,1,38
2025-09-29,1,30
2025-10-06,1,23
2025-10-13,1,18
2025-10-20,1,10
2025-10-27,1,4
2025-11-03,1,45
2025-11-10,1,39
2025-11-17,1,32
2025-11-24,1,22
2025-12-01,1,13
2025-12-08,1,4
2025-12-15,1,0
2025-12-22,1,0
2025-12-29,1,47
2026-01-05,1,39
2026-01-12,1,31
2026-01-19,1,25
2026-01-26,1,13
2026-02-02,1,4
2026-02-09,1,1
2026-02-16,1,49
2026-02-23,1,44
2026-03-02,1,39
2026-03-09,1,32
2026-03-16,1,24
2026-03-23,1,16
2026-03-30,1,9
2026-04-06,1,3
2026-04-13,1,49
2026-04-20,1,40
2026-04-27,1,29
2026-05-04,1,24
2026-05-11,1,11
2026-05-18,1,1
2026-05-25,1,0
2026-06-01,1,48
2026-06-08,1,44
2026-06-15,1,36
2026-06-22,1,31
2026-06-29,1,25
2026-07-06,1,15
2026-07-13,1,8
2026-07-20,1,4
2024-01-01,2,18
2024-01-08,2,10
2024-01-15,2,7
2024-01-22,2,0
2024-01-29,2,37
2024-02-05,2,32
2024-02-12,2,28
2024-02-19,2,23
2024-02-26,2,18
2024-03-04,2,12
2024-03-11,2,9
2024-03-18,2,2
2024-03-25,2,40
2024-04-01,2,34
2024-04-08,2,27
2024-04-15,2,23
2024-04-22,2,17
2024-04-29,2,11
2024-05-06,2,6
2024-05-13,2,0
2024-05-20,2,38
2024-05-27,2,31
2024-06-03,2,21
2024-06-10,2,15
2024-06-17,2,8
2024-06-24,2,1
2024-07-01,2,0
2024-07-08,2,35
2024-07-15,2,29
2024-07-22,2,22
2024-07-29,2,20
2024-08-05,2,10
2024-08-12,2,9
2024-08-19,2,0
2024-08-26,2,0
2024-09-02,2,37
2024-09-09,2,33
2024-09-16,2,29
2024-09-23,2,27
2024-09-30,2,22
2024-10-07,2,19
2024-10-14,2,15
2024-10-21,2,14
2024-10-28,2,5
2024-11-04,2,43
2024-11-11,2,34
2024-11-18,2,28
2024-11-25,2,21
2024-12-02,2,14
2024-12-09,2,2
2024-12-16,2,0
2024-12-23,2,34
2024-12-30,2,26
2025-01-06,2,18
2025-01-13,2,11
2025-01-20,2,6
2025-01-27,2,0
2025-02-03,2,36
2025-02-10,2,34
2025-02-17,2,27
2025-02-24,2,20
2025-03-03,2,16
2025-03-10,2,13
2025-03-17,2,7
2025-03-24,2,0
2025-03-31,2,36
2025-04-07,2,30
2025-04-14,2,26
2025-04-21,2,24
2025-04-28,2,16
2025-05-05,2,15
2025-05-12,2,9
2025-05-19,2,2
2025-05-26,2,36
2025-06-02,2,31
2025-06-09,2,28
2025-06-16,2,18
2025-06-23,2,8
2025-06-30,2,4
2025-07-07,2,1
2025-07-14,2,36
2025-07-21,2,32
2025-07-28,2,24
2025-08-04,2,20
2025-08-11,2,12
2025-08-18,2,9
2025-08-25,2,3
2025-09-01,2,36
2025-09-08,2,27
2025-09-15,2,18
2025-09-22,2,9
2025-09-29,2,2
2025-10-06,2,39
2025-10-13,2,36
2025-10-20,2,31
2025-10-27,2,27
2025-11-03,2,22
2025-11-10,2,17
2025-11-17,2,5
2025-11-24,2,0
2025-12-01,2,40
2025-12-08,2,27
2025-12-15,2,16
2025-12-22,2,9
2025-12-29,2,2
2026-01-05,2,0
2026-01-12,2,38
2026-01-19,2,36
2026-01-26,2,34
2026-02-02,2,31
2026-02-09,2,26
2026-02-16,2,21
2026-02-23,2,15
2026-03-02,2,8
2026-03-09,2,4
2026-03-16,2,40
2026-03-23,2,32
2026-03-30,2,24
2026-04-06,2,21
2026-04-13,2,14
2026-04-20,2,9
2026-04-27,2,0
2026-05-04,2,0
2026-05-11,2,33
2026-05-18,2,22
2026-05-25,2,15
2026-06-01,2,6
2026-06-08,2,0
2026-06-15,2,34
2026-06-22,2,29
2026-06-29,2,25
2026-07-06,2,23
2026-07-13,2,17
2026-07-20,2,7
2024-01-01,3,32
2024-01-08,3,27
2024-01-15,3,21
2024-01-22,3,15
2024-01-29,3,9
2024-02-05,3,64
2024-02-12,3,58
2024-02-19,3,53
2024-02-26,3,45
2024-03-04,3,30
2024-03-11,3,24
2024-03-18,3,16
2024-03-25,3,9
2024-04-01,3,62
2024-04-08,3,55
2024-04-15,3,45
2024-04-22,3,36
2024-04-29,3,30
2024-05-06,3,19
2024-05-13,3,12
2024-05-20,3,0
2024-05-27,3,55
2024-06-03,3,47
2024-06-10,3,41
2024-06-17,3,36
2024-06-24,3,30
2024-07-01,3,24
2024-07-08,3,17
2024-07-15,3,10
2024-07-22,3,7
2024-07-29,3,61
2024-08-05,3,52
2024-08-12,3,43
2024-08-19,3,34
2024-08-26,3,27
2024-09-02,3,22
2024-09-09,3,14
2024-09-16,3,6
2024-09-23,3,62
2024-09-30,3,56
2024-10-07,3,51
2024-10-14,3,38
2024-10-21,3,34
2024-10-28,3,26
2024-11-04,3,13
2024-11-11,3,0
2024-11-18,3,59
2024-11-25,3,50
2024-12-02,3,36
2024-12-09,3,21
2024-12-16,3,4
2024-12-23,3,60
2024-12-30,3,50
2025-01-06,3,44
2025-01-13,3,37
2025-01-20,3,31
2025-01-27,3,20
2025-02-03,3,15
2025-02-10,3,4
2025-02-17,3,59
2025-02-24,3,50
2025-03-03,3,41
2025-03-10,3,36
2025-03-17,3,23
2025-03-24,3,10
2025-03-31,3,0
2025-04-07,3,58
2025-04-14,3,48
2025-04-21,3,37
2025-04-28,3,23
2025-05-05,3,14
2025-05-12,3,4
2025-05-19,3,62
2025-05-26,3,53
2025-06-02,3,48
2025-06-09,3,36
2025-06-16,3,32
2025-06-23,3,24
2025-06-30,3,17
2025-07-07,3,4
2025-07-14,3,60
2025-07-21,3,48
2025-07-28,3,43
2025-08-04,3,37
2025-08-11,3,30
2025-08-18,3,18
2025-08-25,3,1
2025-09-01,3,62
2025-09-08,3,53
2025-09-15,3,40
2025-09-22,3,33
2025-09-29,3,24
2025-10-06,3,11
2025-10-13,3,3
2025-10-20,3,59
2025-10-27,3,54
2025-11-03,3,47
2025-11-10,3,29
2025-11-17,3,13
2025-11-24,3,4
2025-12-01,3,50
2025-12-08,3,31
2025-12-15,3,10
2025-12-22,3,0
2025-12-29,3,61
2026-01-05,3,47
2026-01-12,3,41
2026-01-19,3,33
2026-01-26,3,26
2026-02-02,3,15
2026-02-09,3,3
2026-02-16,3,58
2026-02-23,3,51
2026-03-02,3,41
2026-03-09,3,35
2026-03-16,3,25
2026-03-23,3,11
2026-03-30,3,3
2026-04-06,3,53
2026-04-13,3,44
2026-04-20,3,36
2026-04-27,3,18
2026-05-04,3,7
2026-05-11,3,60
2026-05-18,3,53
2026-05-25,3,44
2026-06-01,3,32
2026-06-08,3,24
2026-06-15,3,15
2026-06-22,3,8
2026-06-29,3,2
2026-07-06,3,48
2026-07-13,3,39
2026-07-20,3,34
2024-01-01,4,97
2024-01-08,4,77
2024-01-15,4,59
2024-01-22,4,38
2024-01-29,4,16
2024-02-05,4,152
2024-02-12,4,127
2024-02-19,4,114
2024-02-26,4,92
2024-03-04,4,69
2024-03-11,4,46
2024-03-18,4,29
2024-03-25,4,8
2024-04-01,4,147
2024-04-08,4,133
2024-04-15,4,114
2024-04-22,4,90
2024-04-29,4,66
2024-05-06,4,38
2024-05-13,4,16
2024-05-20,4,149
2024-05-27,4,121
2024-06-03,4,97
2024-06-10,4,79
2024-06-17,4,57
2024-06-24,4,45
2024-07-01,4,20
2024-07-08,4,4
2024-07-15,4,140
2024-07-22,4,118
2024-07-29,4,91
2024-08-05,4,75
2024-08-12,4,52
2024-08-19,4,35
2024-08-26,4,10
2024-09-02,4,143
2024-09-09,4,130
2024-09-16,4,106
2024-09-23,4,85
2024-09-30,4,63
2024-10-07,4,45
2024-10-14,4,24
2024-10-21,4,0
2024-10-28,4,138
2024-11-04,4,108
2024-11-11,4,77
2024-11-18,4,55
2024-11-25,4,18
2024-12-02,4,0
2024-12-09,4,135
2024-12-16,4,105
2024-12-23,4,74
2024-12-30,4,34
2025-01-06,4,14
2025-01-13,4,150
2025-01-20,4,138
2025-01-27,4,119
2025-02-03,4,93
2025-02-10,4,69
2025-02-17,4,49
2025-02-24,4,30
2025-03-03,4,10
2025-03-10,4,150
2025-03-17,4,123
2025-03-24,4,98
2025-03-31,4,73
2025-04-07,4,51
2025-04-14,4,32
2025-04-21,4,18
2025-04-28,4,0
2025-05-05,4,140
2025-05-12,4,115
2025-05-19,4,100
2025-05-26,4,71
2025-06-02,4,46
2025-06-09,4,23
2025-06-16,4,5
2025-06-23,4,138
2025-06-30,4,117
2025-07-07,4,93
2025-07-14,4,69
2025-07-21,4,50
2025-07-28,4,37
2025-08-04,4,17
2025-08-11,4,153
2025-08-18,4,136
2025-08-25,4,113
2025-09-01,4,88
2025-09-08,4,68
2025-09-15,4,39
2025-09-22,4,24
2025-09-29,4,0
2025-10-06,4,139
2025-10-13,4,114
2025-10-20,4,82
2025-10-27,4,56
2025-11-03,4,32
2025-11-10,4,0
2025-11-17,4,136
2025-11-24,4,102
2025-12-01,4,72
2025-12-08,4,38
2025-12-15,4,1
2025-12-22,4,137
2025-12-29,4,96
2026-01-05,4,71
2026-01-12,4,53
2026-01-19,4,33
2026-01-26,4,3
2026-02-02,4,143
2026-02-09,4,108
2026-02-16,4,88
2026-02-23,4,58
2026-03-02,4,34
2026-03-09,4,10
2026-03-16,4,148
2026-03-23,4,115
2026-03-30,4,85
2026-04-06,4,70
2026-04-13,4,42
2026-04-20,4,15
2026-04-27,4,0
2026-05-04,4,128
2026-05-11,4,104
2026-05-18,4,79
2026-05-25,4,57
2026-06-01,4,36
2026-06-08,4,5
2026-06-15,4,149
2026-06-22,4,132
2026-06-29,4,105
2026-07-06,4,70
2026-07-13,4,46
2026-07-20,4,22
2024-01-01,5,54
2024-01-08,5,38
2024-01-15,5,24
2024-01-22,5,9
2024-01-29,5,155
2024-02-05,5,145
2024-02-12,5,128
2024-02-19,5,107
2024-02-26,5,94
2024-03-04,5,82
2024-03-11,5,68
2024-03-18,5,49
2024-03-25,5,33
2024-04-01,5,17
2024-04-08,5,0
2024-04-15,5,144
2024-04-22,5,128
2024-04-29,5,112
2024-05-06,5,98
2024-05-13,5,79
2024-05-20,5,50
2024-05-27,5,35
2024-06-03,5,14
2024-06-10,5,0
2024-06-17,5,156
2024-06-24,5,145
2024-07-01,5,127
2024-07-08,5,110
2024-07-15,5,91
2024-07-22,5,72
2024-07-29,5,51
2024-08-05,5,30
2024-08-12,5,15
2024-08-19,5,0
2024-08-26,5,153
2024-09-02,5,135
2024-09-09,5,114
2024-09-16,5,94
2024-09-23,5,75
2024-09-30,5,56
2024-10-07,5,39
2024-10-14,5,26
2024-10-21,5,10
2024-10-28,5,0
2024-11-04,5,141
2024-11-11,5,113
2024-11-18,5,87
2024-11-25,5,65
2024-12-02,5,29
2024-12-09,5,0
2024-12-16,5,0
2024-12-23,5,134
2024-12-30,5,108
2025-01-06,5,100
2025-01-13,5,88
2025-01-20,5,73
2025-01-27,5,57
2025-02-03,5,36
2025-02-10,5,23
2025-02-17,5,4
2025-02-24,5,149
2025-03-03,5,134
2025-03-10,5,108
2025-03-17,5,90
2025-03-24,5,67
2025-03-31,5,43
2025-04-07,5,34
2025-04-14,5,16
2025-04-21,5,157
2025-04-28,5,141
2025-05-05,5,128
2025-05-12,5,109
2025-05-19,5,97
2025-05-26,5,91
2025-06-02,5,70
2025-06-09,5,56
2025-06-16,5,35
2025-06-23,5,15
2025-06-30,5,5
2025-07-07,5,152
2025-07-14,5,145
2025-07-21,5,125
2025-07-28,5,113
2025-08-04,5,95
2025-08-11,5,80
2025-08-18,5,63
2025-08-25,5,46
2025-09-01,5,34
2025-09-08,5,13
2025-09-15,5,2
2025-09-22,5,157
2025-09-29,5,141
2025-10-06,5,128
2025-10-13,5,116
2025-10-20,5,104
2025-10-27,5,96
2025-11-03,5,83
2025-11-10,5,68
2025-11-17,5,54
2025-11-24,5,38
2025-12-01,5,25
2025-12-08,5,13
2025-12-15,5,156
2025-12-22,5,140
2025-12-29,5,126
2026-01-05,5,122
2026-01-12,5,121
2026-01-19,5,121
2026-01-26,5,120
2026-02-02,5,119
2026-02-09,5,116
2026-02-16,5,112
2026-02-23,5,109
2026-03-02,5,109
2026-03-09,5,109
2026-03-16,5,108
2026-03-23,5,107
2026-03-30,5,105
2026-04-06,5,101
2026-04-13,5,101
2026-04-20,5,98
2026-04-27,5,97
2026-05-04,5,96
2026-05-11,5,93
2026-05-18,5,91
2026-05-25,5,90
2026-06-01,5,88
2026-06-08,5,85
2026-06-15,5,85
2026-06-22,5,83
2026-06-29,5,83
2026-07-06,5,81
2026-07-13,5,80
2026-07-20,5,77
2024-01-01,6,44
2024-01-08,6,33
2024-01-15,6,26
2024-01-22,6,21
2024-01-29,6,12
2024-02-05,6,3
2024-02-12,6,86
2024-02-19,6,81
2024-02-26,6,72
2024-03-04,6,62
2024-03-11,6,47
2024-03-18,6,36
2024-03-25,6,17
2024-04-01,6,6
2024-04-08,6,86
2024-04-15,6,78
2024-04-22,6,69
2024-04-29,6,57
2024-05-06,6,45
2024-05-13,6,38
2024-05-20,6,24
2024-05-27,6,9
2024-06-03,6,93
2024-06-10,6,84
2024-06-17,6,80
2024-06-24,6,70
2024-07-01,6,64
2024-07-08,6,57
2024-07-15,6,51
2024-07-22,6,33
2024-07-29,6,22
2024-08-05,6,13
2024-08-12,6,4
2024-08-19,6,80
2024-08-26,6,69
2024-09-02,6,55
2024-09-09,6,43
2024-09-16,6,33
2024-09-23,6,21
2024-09-30,6,13
2024-10-07,6,3
2024-10-14,6,81
2024-10-21,6,67
2024-10-28,6,53
2024-11-04,6,42
2024-11-11,6,31
2024-11-18,6,15
2024-11-25,6,0
2024-12-02,6,82
2024-12-09,6,65
2024-12-16,6,51
2024-12-23,6,34
2024-12-30,6,14
2025-01-06,6,0
2025-01-13,6,84
2025-01-20,6,76
2025-01-27,6,64
2025-02-03,6,56
2025-02-10,6,38
2025-02-17,6,21
2025-02-24,6,14
2025-03-03,6,1
2025-03-10,6,87
2025-03-17,6,69
2025-03-24,6,57
2025-03-31,6,45
2025-04-07,6,37
2025-04-14,6,24
2025-04-21,6,5
2025-04-28,6,90
2025-05-05,6,74
2025-05-12,6,67
2025-05-19,6,58
2025-05-26,6,41
2025-06-02,6,30
2025-06-09,6,15
2025-06-16,6,5
2025-06-23,6,87
2025-06-30,6,76
2025-07-07,6,64
2025-07-14,6,55
2025-07-21,6,42
2025-07-28,6,36
2025-08-04,6,22
2025-08-11,6,9
2025-08-18,6,89
2025-08-25,6,79
2025-09-01,6,73
2025-09-08,6,68
2025-09-15,6,60
2025-09-22,6,42
2025-09-29,6,28
2025-10-06,6,21
2025-10-13,6,6
2025-10-20,6,81
2025-10-27,6,70
2025-11-03,6,60
2025-11-10,6,41
2025-11-17,6,21
2025-11-24,6,6
2025-12-01,6,77
2025-12-08,6,53
2025-12-15,6,25
2025-12-22,6,6
2025-12-29,6,87
2026-01-05,6,74
2026-01-12,6,62
2026-01-19,6,50
2026-01-26,6,36
2026-02-02,6,21
2026-02-09,6,11
2026-02-16,6,0
2026-02-23,6,79
2026-03-02,6,64
2026-03-09,6,57
2026-03-16,6,42
2026-03-23,6,30
2026-03-30,6,14
2026-04-06,6,0
2026-04-13,6,86
2026-04-20,6,65
2026-04-27,6,53
2026-05-04,6,47
2026-05-11,6,37
2026-05-18,6,25
2026-05-25,6,11
2026-06-01,6,0
2026-06-08,6,83
2026-06-15,6,76
2026-06-22,6,67
2026-06-29,6,53
2026-07-06,6,40
2026-07-13,6,24
2026-07-20,6,11
2024-01-01,7,28
2024-01-08,7,22
2024-01-15,7,14
2024-01-22,7,8
2024-01-29,7,49
2024-02-05,7,42
2024-02-12,7,33
2024-02-19,7,27
2024-02-26,7,22
2024-03-04,7,12
2024-03-11,7,6
2024-03-18,7,42
2024-03-25,7,31
2024-04-01,7,24
2024-04-08,7,15
2024-04-15,7,7
2024-04-22,7,49
2024-04-29,7,42
2024-05-06,7,37
2024-05-13,7,31
2024-05-20,7,25
2024-05-27,7,16
2024-06-03,7,4
2024-06-10,7,45
2024-06-17,7,39
2024-06-24,7,28
2024-07-01,7,22
2024-07-08,7,17
2024-07-15,7,12
2024-07-22,7,5
2024-07-29,7,45
2024-08-05,7,40
2024-08-12,7,37
2024-08-19,7,30
2024-08-26,7,26
2024-09-02,7,22
2024-09-09,7,15
2024-09-16,7,9
2024-09-23,7,0
2024-09-30,7,39
2024-10-07,7,36
2024-10-14,7,29
2024-10-21,7,27
2024-10-28,7,23
2024-11-04,7,14
2024-11-11,7,8
2024-11-18,7,47
2024-11-25,7,34
2024-12-02,7,17
2024-12-09,7,0
2024-12-16,7,45
2024-12-23,7,33
2024-12-30,7,25
2025-01-06,7,12
2025-01-13,7,3
2025-01-20,7,42
2025-01-27,7,30
2025-02-03,7,27
2025-02-10,7,15
2025-02-17,7,8
2025-02-24,7,47
2025-03-03,7,39
2025-03-10,7,32
2025-03-17,7,28
2025-03-24,7,18
2025-03-31,7,7
2025-04-07,7,46
2025-04-14,7,41
2025-04-21,7,27
2025-04-28,7,21
2025-05-05,7,13
2025-05-12,7,8
2025-05-19,7,52
2025-05-26,7,40
2025-06-02,7,31
2025-06-09,7,23
2025-06-16,7,13
2025-06-23,7,7
2025-06-30,7,52
2025-07-07,7,47
2025-07-14,7,42
2025-07-21,7,35
2025-07-28,7,25
2025-08-04,7,17
2025-08-11,7,7
2025-08-18,7,48
2025-08-25,7,41
2025-09-01,7,34
2025-09-08,7,26
2025-09-15,7,19
2025-09-22,7,11
2025-09-29,7,0
2025-10-06,7,44
2025-10-13,7,33
2025-10-20,7,23
2025-10-27,7,12
2025-11-03,7,0
2025-11-10,7,41
2025-11-17,7,29
2025-11-24,7,17
2025-12-01,7,1
2025-12-08,7,46
2025-12-15,7,31
2025-12-22,7,19
2025-12-29,7,5
2026-01-05,7,48
2026-01-12,7,42
2026-01-19,7,29
2026-01-26,7,22
2026-02-02,7,12
2026-02-09,7,4
2026-02-16,7,42
2026-02-23,7,36
2026-03-02,7,26
2026-03-09,7,16
2026-03-16,7,1
2026-03-23,7,46
2026-03-30,7,32
2026-04-06,7,13
2026-04-13,7,6
2026-04-20,7,49
2026-04-27,7,39
2026-05-04,7,31
2026-05-11,7,20
2026-05-18,7,8
2026-05-25,7,50
2026-06-01,7,36
2026-06-08,7,31
2026-06-15,7,23
2026-06-22,7,18
2026-06-29,7,8
2026-07-06,7,47
2026-07-13,7,34
2026-07-20,7,23
2024-01-01,8,16
2024-01-08,8,10
2024-01-15,8,9
2024-01-22,8,7
2024-01-29,8,37
2024-02-05,8,35
2024-02-12,8,27
2024-02-19,8,24
2024-02-26,8,20
2024-03-04,8,13
2024-03-11,8,0
2024-03-18,8,0
2024-03-25,8,26
2024-04-01,8,24
2024-04-08,8,20
2024-04-15,8,14
2024-04-22,8,12
2024-04-29,8,3
2024-05-06,8,0
2024-05-13,8,29
2024-05-20,8,21
2024-05-27,8,14
2024-06-03,8,7
2024-06-10,8,0
2024-06-17,8,30
2024-06-24,8,24
2024-07-01,8,21
2024-07-08,8,18
2024-07-15,8,14
2024-07-22,8,6
2024-07-29,8,4
2024-08-05,8,31
2024-08-12,8,28
2024-08-19,8,23
2024-08-26,8,22
2024-09-02,8,18
2024-09-09,8,13
2024-09-16,8,9
2024-09-23,8,6
2024-09-30,8,31
2024-10-07,8,28
2024-10-14,8,24
2024-10-21,8,19
2024-10-28,8,10
2024-11-04,8,5
2024-11-11,8,0
2024-11-18,8,25
2024-11-25,8,16
2024-12-02,8,5
2024-12-09,8,0
2024-12-16,8,0
2024-12-23,8,23
2024-12-30,8,14
2025-01-06,8,11
2025-01-13,8,10
2025-01-20,8,2
2025-01-27,8,0
2025-02-03,8,27
2025-02-10,8,22
2025-02-17,8,15
2025-02-24,8,13
2025-03-03,8,5
2025-03-10,8,2
2025-03-17,8,30
2025-03-24,8,28
2025-03-31,8,25
2025-04-07,8,23
2025-04-14,8,19
2025-04-21,8,13
2025-04-28,8,8
2025-05-05,8,1
2025-05-12,8,0
2025-05-19,8,29
2025-05-26,8,24
2025-06-02,8,15
2025-06-09,8,11
2025-06-16,8,3
2025-06-23,8,0
2025-06-30,8,29
2025-07-07,8,27
2025-07-14,8,20
2025-07-21,8,18
2025-07-28,8,13
2025-08-04,8,11
2025-08-11,8,5
2025-08-18,8,0
2025-08-25,8,24
2025-09-01,8,22
2025-09-08,8,18
2025-09-15,8,11
2025-09-22,8,4
2025-09-29,8,0
2025-10-06,8,27
2025-10-13,8,22
2025-10-20,8,12
2025-10-27,8,3
2025-11-03,8,0
2025-11-10,8,26
2025-11-17,8,16
2025-11-24,8,7
2025-12-01,8,0
2025-12-08,8,29
2025-12-15,8,23
2025-12-22,8,14
2025-12-29,8,0
2026-01-05,8,0
2026-01-12,8,31
2026-01-19,8,23
2026-01-26,8,14
2026-02-02,8,11
2026-02-09,8,8
2026-02-16,8,2
2026-02-23,8,29
2026-03-02,8,23
2026-03-09,8,16
2026-03-16,8,8
2026-03-23,8,0
2026-03-30,8,0
2026-04-06,8,24
2026-04-13,8,22
2026-04-20,8,19
2026-04-27,8,14
2026-05-04,8,14
2026-05-11,8,7
2026-05-18,8,3
2026-05-25,8,31
2026-06-01,8,27
2026-06-08,8,24
2026-06-15,8,14
2026-06-22,8,10
2026-06-29,8,4
2026-07-06,8,30
2026-07-13,8,23
2026-07-20,8,20
2024-01-01,9,32
2024-01-08,9,23
2024-01-15,9,17
2024-01-22,9,8
2024-01-29,9,2
2024-02-05,9,50
2024-02-12,9,45
2024-02-19,9,38
2024-02-26,9,32
2024-03-04,9,19
2024-03-11,9,10
2024-03-18,9,5
2024-03-25,9,57
2024-04-01,9,50
2024-04-08,9,41
2024-04-15,9,30
2024-04-22,9,25
2024-04-29,9,18
2024-05-06,9,13
2024-05-13,9,8
2024-05-20,9,6
2024-05-27,9,57
2024-06-03,9,56
2024-06-10,9,49
2024-06-17,9,45
2024-06-24,9,34
2024-07-01,9,28
2024-07-08,9,21
2024-07-15,9,17
2024-07-22,9,12
2024-07-29,9,8
2024-08-05,9,57
2024-08-12,9,52
2024-08-19,9,46
2024-08-26,9,40
2024-09-02,9,33
2024-09-09,9,27
2024-09-16,9,18
2024-09-23,9,14
2024-09-30,9,6
2024-10-07,9,57
2024-10-14,9,51
2024-10-21,9,40
2024-10-28,9,34
2024-11-04,9,24
2024-11-11,9,16
2024-11-18,9,1
2024-11-25,9,51
2024-12-02,9,45
2024-12-09,9,31
2024-12-16,9,21
2024-12-23,9,16
2024-12-30,9,9
2025-01-06,9,55
2025-01-13,9,48
2025-01-20,9,39
2025-01-27,9,31
2025-02-03,9,22
2025-02-10,9,16
2025-02-17,9,11
2025-02-24,9,10
2025-03-03,9,4
2025-03-10,9,54
2025-03-17,9,45
2025-03-24,9,38
2025-03-31,9,29
2025-04-07,9,19
2025-04-14,9,13
2025-04-21,9,10
2025-04-28,9,60
2025-05-05,9,52
2025-05-12,9,46
2025-05-19,9,39
2025-05-26,9,35
2025-06-02,9,27
2025-06-09,9,20
2025-06-16,9,12
2025-06-23,9,6
2025-06-30,9,56
2025-07-07,9,48
2025-07-14,9,42
2025-07-21,9,36
2025-07-28,9,30
2025-08-04,9,22
2025-08-11,9,14
2025-08-18,9,7
2025-08-25,9,4
2025-09-01,9,51
2025-09-08,9,41
2025-09-15,9,36
2025-09-22,9,34
2025-09-29,9,25
2025-10-06,9,19
2025-10-13,9,11
2025-10-20,9,3
2025-10-27,9,52
2025-11-03,9,40
2025-11-10,9,29
2025-11-17,9,23
2025-11-24,9,8
2025-12-01,9,0
2025-12-08,9,39
2025-12-15,9,33
2025-12-22,9,22
2025-12-29,9,12
2026-01-05,9,57
2026-01-12,9,51
2026-01-19,9,44
2026-01-26,9,35
2026-02-02,9,27
2026-02-09,9,21
2026-02-16,9,8
2026-02-23,9,2
2026-03-02,9,51
2026-03-09,9,40
2026-03-16,9,32
2026-03-23,9,24
2026-03-30,9,16
2026-04-06,9,8
2026-04-13,9,55
2026-04-20,9,48
2026-04-27,9,37
2026-05-04,9,26
2026-05-11,9,16
2026-05-18,9,10
2026-05-25,9,5
2026-06-01,9,56
2026-06-08,9,46
2026-06-15,9,37
2026-06-22,9,36
2026-06-29,9,29
2026-07-06,9,22
2026-07-13,9,17
2026-07-20,9,11
2024-01-01,10,102
2024-01-08,10,85
2024-01-15,10,69
2024-01-22,10,44
2024-01-29,10,28
2024-02-05,10,6
2024-02-12,10,183
2024-02-19,10,164
2024-02-26,10,139
2024-03-04,10,111
2024-03-11,10,88
2024-03-18,10,65
2024-03-25,10,39
2024-04-01,10,19
2024-04-08,10,196
2024-04-15,10,177
2024-04-22,10,153
2024-04-29,10,129
2024-05-06,10,109
2024-05-13,10,80
2024-05-20,10,58
2024-05-27,10,30
2024-06-03,10,211
2024-06-10,10,196
2024-06-17,10,174
2024-06-24,10,145
2024-07-01,10,125
2024-07-08,10,95
2024-07-15,10,61
2024-07-22,10,26
2024-07-29,10,0
2024-08-05,10,179
2024-08-12,10,147
2024-08-19,10,126
2024-08-26,10,104
2024-09-02,10,76
2024-09-09,10,55
2024-09-16,10,19
2024-09-23,10,195
2024-09-30,10,164
2024-10-07,10,149
2024-10-14,10,130
2024-10-21,10,92
2024-10-28,10,56
2024-11-04,10,14
2024-11-11,10,181
2024-11-18,10,151
2024-11-25,10,106
2024-12-02,10,83
2024-12-09,10,32
2024-12-16,10,0
2024-12-23,10,164
2024-12-30,10,124
2025-01-06,10,101
2025-01-13,10,82
2025-01-20,10,61
2025-01-27,10,43
2025-02-03,10,16
2025-02-10,10,190
2025-02-17,10,170
2025-02-24,10,140
2025-03-03,10,122
2025-03-10,10,104
2025-03-17,10,79
2025-03-24,10,54
2025-03-31,10,28
2025-04-07,10,211
2025-04-14,10,194
2025-04-21,10,164
2025-04-28,10,141
2025-05-05,10,115
2025-05-12,10,83
2025-05-19,10,57
2025-05-26,10,26
2025-06-02,10,10
2025-06-09,10,188
2025-06-16,10,159
2025-06-23,10,131
2025-06-30,10,105
2025-07-07,10,83
2025-07-14,10,60
2025-07-21,10,35
2025-07-28,10,6
2025-08-04,10,189
2025-08-11,10,176
2025-08-18,10,154
2025-08-25,10,134
2025-09-01,10,117
2025-09-08,10,100
2025-09-15,10,84
2025-09-22,10,69
2025-09-29,10,55
2025-10-06,10,32
2025-10-13,10,15
2025-10-20,10,190
2025-10-27,10,172
2025-11-03,10,152
2025-11-10,10,125
2025-11-17,10,104
2025-11-24,10,81
2025-12-01,10,56
2025-12-08,10,29
2025-12-15,10,1
2025-12-22,10,191
2025-12-29,10,165
2026-01-05,10,161
2026-01-12,10,158
2026-01-19,10,152
2026-01-26,10,150
2026-02-02,10,148
2026-02-09,10,145
2026-02-16,10,143
2026-02-23,10,140
2026-03-02,10,138
2026-03-09,10,135
2026-03-16,10,131
2026-03-23,10,128
2026-03-30,10,128
2026-04-06,10,125
2026-04-13,10,124
2026-04-20,10,121
2026-04-27,10,121
2026-05-04,10,118
2026-05-11,10,116
2026-05-18,10,112
2026-05-25,10,110
2026-06-01,10,102
2026-06-08,10,101
2026-06-15,10,99
2026-06-22,10,96
2026-06-29,10,94
2026-07-06,10,92
2026-07-13,10,90
2026-07-20,10,87
2024-01-01,11,37
2024-01-08,11,23
2024-01-15,11,14
2024-01-22,11,0
2024-01-29,11,89
2024-02-05,11,79
2024-02-12,11,69
2024-02-19,11,61
2024-02-26,11,53
2024-03-04,11,44
2024-03-11,11,37
2024-03-18,11,26
2024-03-25,11,15
2024-04-01,11,102
2024-04-08,11,90
2024-04-15,11,79
2024-04-22,11,71
2024-04-29,11,60
2024-05-06,11,41
2024-05-13,11,31
2024-05-20,11,19
2024-05-27,11,5
2024-06-03,11,88
2024-06-10,11,73
2024-06-17,11,68
2024-06-24,11,52
2024-07-01,11,39
2024-07-08,11,32
2024-07-15,11,22
2024-07-22,11,10
2024-07-29,11,97
2024-08-05,11,89
2024-08-12,11,78
2024-08-19,11,63
2024-08-26,11,48
2024-09-02,11,34
2024-09-09,11,28
2024-09-16,11,17
2024-09-23,11,3
2024-09-30,11,88
2024-10-07,11,75
2024-10-14,11,66
2024-10-21,11,52
2024-10-28,11,40
2024-11-04,11,31
2024-11-11,11,15
2024-11-18,11,0
2024-11-25,11,83
2024-12-02,11,68
2024-12-09,11,49
2024-12-16,11,36
2024-12-23,11,17
2024-12-30,11,0
2025-01-06,11,93
2025-01-13,11,79
2025-01-20,11,62
2025-01-27,11,51
2025-02-03,11,37
2025-02-10,11,27
2025-02-17,11,15
2025-02-24,11,4
2025-03-03,11,87
2025-03-10,11,68
2025-03-17,11,59
2025-03-24,11,50
2025-03-31,11,42
2025-04-07,11,32
2025-04-14,11,15
2025-04-21,11,4
2025-04-28,11,0
2025-05-05,11,85
2025-05-12,11,73
2025-05-19,11,63
2025-05-26,11,46
2025-06-02,11,31
2025-06-09,11,14
2025-06-16,11,2
2025-06-23,11,93
2025-06-30,11,79
2025-07-07,11,70
2025-07-14,11,58
2025-07-21,11,45
2025-07-28,11,37
2025-08-04,11,25
2025-08-11,11,8
2025-08-18,11,95
2025-08-25,11,79
2025-09-01,11,68
2025-09-08,11,52
2025-09-15,11,38
2025-09-22,11,28
2025-09-29,11,13
2025-10-06,11,0
2025-10-13,11,87
2025-10-20,11,73
2025-10-27,11,60
2025-11-03,11,38
2025-11-10,11,21
2025-11-17,11,12
2025-11-24,11,0
2025-12-01,11,78
2025-12-08,11,60
2025-12-15,11,42
2025-12-22,11,25
2025-12-29,11,6
2026-01-05,11,0
2026-01-12,11,90
2026-01-19,11,76
2026-01-26,11,68
2026-02-02,11,64
2026-02-09,11,48
2026-02-16,11,33
2026-02-23,11,21
2026-03-02,11,6
2026-03-09,11,93
2026-03-16,11,76
2026-03-23,11,60
2026-03-30,11,35
2026-04-06,11,20
2026-04-13,11,5
2026-04-20,11,89
2026-04-27,11,77
2026-05-04,11,72
2026-05-11,11,62
2026-05-18,11,48
2026-05-25,11,39
2026-06-01,11,22
2026-06-08,11,9
2026-06-15,11,92
2026-06-22,11,81
2026-06-29,11,66
2026-07-06,11,52
2026-07-13,11,40
2026-07-20,11,24
2024-01-01,12,17
2024-01-08,12,12
2024-01-15,12,7
2024-01-22,12,49
2024-01-29,12,44
2024-02-05,12,40
2024-02-12,12,34
2024-02-19,12,28
2024-02-26,12,26
2024-03-04,12,15
2024-03-11,12,9
2024-03-18,12,5
2024-03-25,12,48
2024-04-01,12,45
2024-04-08,12,42
2024-04-15,12,39
2024-04-22,12,35
2024-04-29,12,31
2024-05-06,12,28
2024-05-13,12,24
2024-05-20,12,18
2024-05-27,12,15
2024-06-03,12,14
2024-06-10,12,7
2024-06-17,12,48
2024-06-24,12,44
2024-07-01,12,42
2024-07-08,12,34
2024-07-15,12,27
2024-07-22,12,24
2024-07-29,12,17
2024-08-05,12,11
2024-08-12,12,1
2024-08-19,12,44
2024-08-26,12,35
2024-09-02,12,33
2024-09-09,12,29
2024-09-16,12,22
2024-09-23,12,17
2024-09-30,12,12
2024-10-07,12,6
2024-10-14,12,48
2024-10-21,12,38
2024-10-28,12,32
2024-11-04,12,27
2024-11-11,12,11
2024-11-18,12,4
2024-11-25,12,44
2024-12-02,12,36
2024-12-09,12,28
2024-12-16,12,24
2024-12-23,12,16
2024-12-30,12,9
2025-01-06,12,6
2025-01-13,12,46
2025-01-20,12,44
2025-01-27,12,36
2025-02-03,12,31
2025-02-10,12,22
2025-02-17,12,21
2025-02-24,12,18
2025-03-03,12,13
2025-03-10,12,8
2025-03-17,12,49
2025-03-24,12,43
2025-03-31,12,39
2025-04-07,12,33
2025-04-14,12,27
2025-04-21,12,21
2025-04-28,12,15
2025-05-05,12,10
2025-05-12,12,5
2025-05-19,12,46
2025-05-26,12,38
2025-06-02,12,37
2025-06-09,12,32
2025-06-16,12,25
2025-06-23,12,20
2025-06-30,12,10
2025-07-07,12,6
2025-07-14,12,45
2025-07-21,12,41
2025-07-28,12,35
2025-08-04,12,33
2025-08-11,12,30
2025-08-18,12,24
2025-08-25,12,18
2025-09-01,12,11
2025-09-08,12,4
2025-09-15,12,42
2025-09-22,12,34
2025-09-29,12,27
2025-10-06,12,18
2025-10-13,12,10
2025-10-20,12,1
2025-10-27,12,45
2025-11-03,12,38
2025-11-10,12,32
2025-11-17,12,23
2025-11-24,12,17
2025-12-01,12,10
2025-12-08,12,0
2025-12-15,12,37
2025-12-22,12,27
2025-12-29,12,13
2026-01-05,12,7
2026-01-12,12,2
2026-01-19,12,44
2026-01-26,12,43
2026-02-02,12,30
2026-02-09,12,24
2026-02-16,12,18
2026-02-23,12,13
2026-03-02,12,8
2026-03-09,12,4
2026-03-16,12,41
2026-03-23,12,34
2026-03-30,12,28
2026-04-06,12,22
2026-04-13,12,17
2026-04-20,12,11
2026-04-27,12,4
2026-05-04,12,47
2026-05-11,12,39
2026-05-18,12,32
2026-05-25,12,25
2026-06-01,12,16
2026-06-08,12,12
2026-06-15,12,4
2026-06-22,12,39
2026-06-29,12,32
2026-07-06,12,27
2026-07-13,12,21
2026-07-20,12,17
2024-01-01,13,20
2024-01-08,13,17
2024-01-15,13,7
2024-01-22,13,1
2024-01-29,13,49
2024-02-05,13,43
2024-02-12,13,37
2024-02-19,13,31
2024-02-26,13,25
2024-03-04,13,20
2024-03-11,13,16
2024-03-18,13,9
2024-03-25,13,4
2024-04-01,13,50
2024-04-08,13,44
2024-04-15,13,39
2024-04-22,13,33
2024-04-29,13,26
2024-05-06,13,20
2024-05-13,13,14
2024-05-20,13,7
2024-05-27,13,1
2024-06-03,13,42
2024-06-10,13,30
2024-06-17,13,26
2024-06-24,13,17
2024-07-01,13,11
2024-07-08,13,4
2024-07-15,13,52
2024-07-22,13,45
2024-07-29,13,40
2024-08-05,13,31
2024-08-12,13,27
2024-08-19,13,15
2024-08-26,13,11
2024-09-02,13,0
2024-09-09,13,51
2024-09-16,13,45
2024-09-23,13,36
2024-09-30,13,26
2024-10-07,13,17
2024-10-14,13,6
2024-10-21,13,0
2024-10-28,13,49
2024-11-04,13,42
2024-11-11,13,36
2024-11-18,13,32
2024-11-25,13,23
2024-12-02,13,11
2024-12-09,13,0
2024-12-16,13,40
2024-12-23,13,29
2024-12-30,13,21
2025-01-06,13,13
2025-01-13,13,7
2025-01-20,13,0
2025-01-27,13,46
2025-02-03,13,40
2025-02-10,13,28
2025-02-17,13,23
2025-02-24,13,8
2025-03-03,13,5
2025-03-10,13,54
2025-03-17,13,48
2025-03-24,13,37
2025-03-31,13,30
2025-04-07,13,18
2025-04-14,13,12
2025-04-21,13,0
2025-04-28,13,45
2025-05-05,13,34
2025-05-12,13,26
2025-05-19,13,19
2025-05-26,13,12
2025-06-02,13,2
2025-06-09,13,48
2025-06-16,13,43
2025-06-23,13,35
2025-06-30,13,27
2025-07-07,13,18
2025-07-14,13,5
2025-07-21,13,0
2025-07-28,13,43
2025-08-04,13,37
2025-08-11,13,30
2025-08-18,13,23
2025-08-25,13,14
2025-09-01,13,9
2025-09-08,13,3
2025-09-15,13,49
2025-09-22,13,43
2025-09-29,13,32
2025-10-06,13,23
2025-10-13,13,11
2025-10-20,13,2
2025-10-27,13,50
2025-11-03,13,39
2025-11-10,13,32
2025-11-17,13,23
2025-11-24,13,10
2025-12-01,13,0
2025-12-08,13,51
2025-12-15,13,40
2025-12-22,13,30
2025-12-29,13,18
2026-01-05,13,11
2026-01-12,13,2
2026-01-19,13,48
2026-01-26,13,39
2026-02-02,13,34
2026-02-09,13,33
2026-02-16,13,24
2026-02-23,13,15
2026-03-02,13,5
2026-03-09,13,49
2026-03-16,13,42
2026-03-23,13,34
2026-03-30,13,27
2026-04-06,13,22
2026-04-13,13,9
2026-04-20,13,5
2026-04-27,13,42
2026-05-04,13,36
2026-05-11,13,28
2026-05-18,13,17
2026-05-25,13,7
2026-06-01,13,0
2026-06-08,13,40
2026-06-15,13,33
2026-06-22,13,26
2026-06-29,13,16
2026-07-06,13,5
2026-07-13,13,50
2026-07-20,13,42
2024-01-01,14,39
2024-01-08,14,32
2024-01-15,14,19
2024-01-22,14,11
2024-01-29,14,2
2024-02-05,14,69
2024-02-12,14,59
2024-02-19,14,50
2024-02-26,14,39
2024-03-04,14,27
2024-03-11,14,20
2024-03-18,14,14
2024-03-25,14,6
2024-04-01,14,72
2024-04-08,14,59
2024-04-15,14,51
2024-04-22,14,38
2024-04-29,14,27
2024-05-06,14,20
2024-05-13,14,12
2024-05-20,14,0
2024-05-27,14,67
2024-06-03,14,59
2024-06-10,14,48
2024-06-17,14,41
2024-06-24,14,26
2024-07-01,14,19
2024-07-08,14,14
2024-07-15,14,7
2024-07-22,14,69
2024-07-29,14,59
2024-08-05,14,47
2024-08-12,14,38
2024-08-19,14,27
2024-08-26,14,17
2024-09-02,14,6
2024-09-09,14,70
2024-09-16,14,62
2024-09-23,14,51
2024-09-30,14,41
2024-10-07,14,33
2024-10-14,14,20
2024-10-21,14,7
2024-10-28,14,67
2024-11-04,14,55
2024-11-11,14,44
2024-11-18,14,27
2024-11-25,14,18
2024-12-02,14,0
2024-12-09,14,70
2024-12-16,14,55
2024-12-23,14,37
2024-12-30,14,23
2025-01-06,14,11
2025-01-13,14,78
2025-01-20,14,69
2025-01-27,14,64
2025-02-03,14,53
2025-02-10,14,45
2025-02-17,14,35
2025-02-24,14,23
2025-03-03,14,13
2025-03-10,14,73
2025-03-17,14,64
2025-03-24,14,48
2025-03-31,14,41
2025-04-07,14,22
2025-04-14,14,8
2025-04-21,14,74
2025-04-28,14,66
2025-05-05,14,58
2025-05-12,14,48
2025-05-19,14,34
2025-05-26,14,23
2025-06-02,14,13
2025-06-09,14,2
2025-06-16,14,66
2025-06-23,14,55
2025-06-30,14,46
2025-07-07,14,36
2025-07-14,14,28
2025-07-21,14,14
2025-07-28,14,3
2025-08-04,14,69
2025-08-11,14,55
2025-08-18,14,30
2025-08-25,14,20
2025-09-01,14,11
2025-09-08,14,5
2025-09-15,14,70
2025-09-22,14,55
2025-09-29,14,47
2025-10-06,14,31
2025-10-13,14,21
2025-10-20,14,3
2025-10-27,14,62
2025-11-03,14,51
2025-11-10,14,35
2025-11-17,14,18
2025-11-24,14,0
2025-12-01,14,61
2025-12-08,14,49
2025-12-15,14,32
2025-12-22,14,13
2025-12-29,14,0
2026-01-05,14,62
2026-01-12,14,48
2026-01-19,14,40
2026-01-26,14,30
2026-02-02,14,20
2026-02-09,14,3
2026-02-16,14,67
2026-02-23,14,58
2026-03-02,14,51
2026-03-09,14,40
2026-03-16,14,28
2026-03-23,14,15
2026-03-30,14,3
2026-04-06,14,60
2026-04-13,14,48
2026-04-20,14,39
2026-04-27,14,33
2026-05-04,14,20
2026-05-11,14,4
2026-05-18,14,70
2026-05-25,14,54
2026-06-01,14,45
2026-06-08,14,32
2026-06-15,14,25
2026-06-22,14,17
2026-06-29,14,1
2026-07-06,14,69
2026-07-13,14,56
2026-07-20,14,44
2024-01-01,15,41
2024-01-08,15,34
2024-01-15,15,26
2024-01-22,15,21
2024-01-29,15,10
2024-02-05,15,81
2024-02-12,15,74
2024-02-19,15,69
2024-02-26,15,60
2024-03-04,15,54
2024-03-11,15,48
2024-03-18,15,33
2024-03-25,15,24
2024-04-01,15,9
2024-04-08,15,82
2024-04-15,15,76
2024-04-22,15,68
2024-04-29,15,53
2024-05-06,15,40
2024-05-13,15,34
2024-05-20,15,17
2024-05-27,15,4
2024-06-03,15,68
2024-06-10,15,59
2024-06-17,15,54
2024-06-24,15,44
2024-07-01,15,35
2024-07-08,15,24
2024-07-15,15,15
2024-07-22,15,3
2024-07-29,15,78
2024-08-05,15,67
2024-08-12,15,64
2024-08-19,15,54
2024-08-26,15,42
2024-09-02,15,36
2024-09-09,15,22
2024-09-16,15,10
2024-09-23,15,85
2024-09-30,15,81
2024-10-07,15,72
2024-10-14,15,65
2024-10-21,15,57
2024-10-28,15,43
2024-11-04,15,29
2024-11-11,15,17
2024-11-18,15,0
2024-11-25,15,76
2024-12-02,15,63
2024-12-09,15,40
2024-12-16,15,21
2024-12-23,15,3
2024-12-30,15,75
2025-01-06,15,67
2025-01-13,15,63
2025-01-20,15,53
2025-01-27,15,45
2025-02-03,15,36
2025-02-10,15,20
2025-02-17,15,15
2025-02-24,15,89
2025-03-03,15,84
2025-03-10,15,70
2025-03-17,15,55
2025-03-24,15,40
2025-03-31,15,25
2025-04-07,15,14
2025-04-14,15,1
2025-04-21,15,71
2025-04-28,15,51
2025-05-05,15,44
2025-05-12,15,31
2025-05-19,15,23
2025-05-26,15,11
2025-06-02,15,89
2025-06-09,15,77
2025-06-16,15,65
2025-06-23,15,56
2025-06-30,15,45
2025-07-07,15,32
2025-07-14,15,14
2025-07-21,15,3
2025-07-28,15,75
2025-08-04,15,61
2025-08-11,15,53
2025-08-18,15,48
2025-08-25,15,38
2025-09-01,15,27
2025-09-08,15,15
2025-09-15,15,87
2025-09-22,15,82
2025-09-29,15,72
2025-10-06,15,62
2025-10-13,15,50
2025-10-20,15,42
2025-10-27,15,31
2025-11-03,15,12
2025-11-10,15,0
2025-11-17,15,66
2025-11-24,15,49
2025-12-01,15,37
2025-12-08,15,19
2025-12-15,15,3
2025-12-22,15,74
2025-12-29,15,54
2026-01-05,15,44
2026-01-12,15,37
2026-01-19,15,30
2026-01-26,15,22
2026-02-02,15,13
2026-02-09,15,82
2026-02-16,15,71
2026-02-23,15,61
2026-03-02,15,46
2026-03-09,15,38
2026-03-16,15,24
2026-03-23,15,8
2026-03-30,15,81
2026-04-06,15,71
2026-04-13,15,61
2026-04-20,15,54
2026-04-27,15,47
2026-05-04,15,37
2026-05-11,15,27
2026-05-18,15,10
2026-05-25,15,81
2026-06-01,15,67
2026-06-08,15,52
2026-06-15,15,44
2026-06-22,15,38
2026-06-29,15,25
2026-07-06,15,8
2026-07-13,15,80
2026-07-20,15,62
2024-01-01,16,41
2024-01-08,16,35
2024-01-15,16,23
2024-01-22,16,10
2024-01-29,16,0
2024-02-05,16,68
2024-02-12,16,62
2024-02-19,16,53
2024-02-26,16,44
2024-03-04,16,39
2024-03-11,16,32
2024-03-18,16,27
2024-03-25,16,19
2024-04-01,16,10
2024-04-08,16,4
2024-04-15,16,66
2024-04-22,16,62
2024-04-29,16,50
2024-05-06,16,44
2024-05-13,16,36
2024-05-20,16,28
2024-05-27,16,21
2024-06-03,16,15
2024-06-10,16,4
2024-06-17,16,71
2024-06-24,16,59
2024-07-01,16,52
2024-07-08,16,43
2024-07-15,16,33
2024-07-22,16,23
2024-07-29,16,11
2024-08-05,16,1
2024-08-12,16,68
2024-08-19,16,63
2024-08-26,16,54
2024-09-02,16,45
2024-09-09,16,38
2024-09-16,16,34
2024-09-23,16,23
2024-09-30,16,19
2024-10-07,16,11
2024-10-14,16,4
2024-10-21,16,64
2024-10-28,16,55
2024-11-04,16,46
2024-11-11,16,31
2024-11-18,16,17
2024-11-25,16,0
2024-12-02,16,63
2024-12-09,16,45
2024-12-16,16,32
2024-12-23,16,15
2024-12-30,16,2
2025-01-06,16,72
2025-01-13,16,62
2025-01-20,16,56
2025-01-27,16,51
2025-02-03,16,43
2025-02-10,16,28
2025-02-17,16,21
2025-02-24,16,12
2025-03-03,16,8
2025-03-10,16,69
2025-03-17,16,53
2025-03-24,16,33
2025-03-31,16,28
2025-04-07,16,14
2025-04-14,16,0
2025-04-21,16,59
2025-04-28,16,44
2025-05-05,16,32
2025-05-12,16,21
2025-05-19,16,14
2025-05-26,16,3
2025-06-02,16,69
2025-06-09,16,54
2025-06-16,16,38
2025-06-23,16,26
2025-06-30,16,14
2025-07-07,16,10
2025-07-14,16,0
2025-07-21,16,58
2025-07-28,16,48
2025-08-04,16,34
2025-08-11,16,21
2025-08-18,16,12
2025-08-25,16,3
2025-09-01,16,62
2025-09-08,16,45
2025-09-15,16,38
2025-09-22,16,24
2025-09-29,16,18
2025-10-06,16,7
2025-10-13,16,70
2025-10-20,16,59
2025-10-27,16,51
2025-11-03,16,39
2025-11-10,16,22
2025-11-17,16,14
2025-11-24,16,3
2025-12-01,16,61
2025-12-08,16,45
2025-12-15,16,24
2025-12-22,16,12
2025-12-29,16,0
2026-01-05,16,57
2026-01-12,16,51
2026-01-19,16,45
2026-01-26,16,32
2026-02-02,16,24
2026-02-09,16,15
2026-02-16,16,0
2026-02-23,16,63
2026-03-02,16,57
2026-03-09,16,47
2026-03-16,16,31
2026-03-23,16,22
2026-03-30,16,11
2026-04-06,16,0
2026-04-13,16,69
2026-04-20,16,53
2026-04-27,16,45
2026-05-04,16,28
2026-05-11,16,23
2026-05-18,16,14
2026-05-25,16,5
2026-06-01,16,61
2026-06-08,16,48
2026-06-15,16,41
2026-06-22,16,27
2026-06-29,16,14
2026-07-06,16,0
2026-07-13,16,63
2026-07-20,16,53
2024-01-01,17,44
2024-01-08,17,38
2024-01-15,17,32
2024-01-22,17,21
2024-01-29,17,9
2024-02-05,17,97
2024-02-12,17,79
2024-02-19,17,66
2024-02-26,17,52
2024-03-04,17,38
2024-03-11,17,22
2024-03-18,17,6
2024-03-25,17,86
2024-04-01,17,72
2024-04-08,17,61
2024-04-15,17,55
2024-04-22,17,45
2024-04-29,17,36
2024-05-06,17,19
2024-05-13,17,7
2024-05-20,17,97
2024-05-27,17,82
2024-06-03,17,69
2024-06-10,17,59
2024-06-17,17,42
2024-06-24,17,25
2024-07-01,17,14
2024-07-08,17,3
2024-07-15,17,88
2024-07-22,17,79
2024-07-29,17,67
2024-08-05,17,58
2024-08-12,17,45
2024-08-19,17,35
2024-08-26,17,23
2024-09-02,17,12
2024-09-09,17,97
2024-09-16,17,88
2024-09-23,17,69
2024-09-30,17,56
2024-10-07,17,35
2024-10-14,17,19
2024-10-21,17,0
2024-10-28,17,92
2024-11-04,17,84
2024-11-11,17,64
2024-11-18,17,50
2024-11-25,17,31
2024-12-02,17,9
2024-12-09,17,91
2024-12-16,17,62
2024-12-23,17,39
2024-12-30,17,18
2025-01-06,17,6
2025-01-13,17,92
2025-01-20,17,80
2025-01-27,17,67
2025-02-03,17,55
2025-02-10,17,46
2025-02-17,17,36
2025-02-24,17,18
2025-03-03,17,6
2025-03-10,17,93
2025-03-17,17,82
2025-03-24,17,74
2025-03-31,17,57
2025-04-07,17,47
2025-04-14,17,29
2025-04-21,17,17
2025-04-28,17,9
2025-05-05,17,94
2025-05-12,17,75
2025-05-19,17,62
2025-05-26,17,40
2025-06-02,17,27
2025-06-09,17,11
2025-06-16,17,96
2025-06-23,17,82
2025-06-30,17,69
2025-07-07,17,53
2025-07-14,17,43
2025-07-21,17,25
2025-07-28,17,15
2025-08-04,17,102
2025-08-11,17,86
2025-08-18,17,65
2025-08-25,17,47
2025-09-01,17,32
2025-09-08,17,12
2025-09-15,17,98
2025-09-22,17,81
2025-09-29,17,55
2025-10-06,17,34
2025-10-13,17,28
2025-10-20,17,15
2025-10-27,17,4
2025-11-03,17,93
2025-11-10,17,79
2025-11-17,17,66
2025-11-24,17,44
2025-12-01,17,23
2025-12-08,17,2
2025-12-15,17,86
2025-12-22,17,56
2025-12-29,17,35
2026-01-05,17,24
2026-01-12,17,11
2026-01-19,17,98
2026-01-26,17,85
2026-02-02,17,71
2026-02-09,17,54
2026-02-16,17,40
2026-02-23,17,26
2026-03-02,17,4
2026-03-09,17,92
2026-03-16,17,71
2026-03-23,17,56
2026-03-30,17,42
2026-04-06,17,26
2026-04-13,17,12
2026-04-20,17,94
2026-04-27,17,80
2026-05-04,17,66
2026-05-11,17,52
2026-05-18,17,29
2026-05-25,17,16
2026-06-01,17,0
2026-06-08,17,81
2026-06-15,17,63
2026-06-22,17,56
2026-06-29,17,47
2026-07-06,17,34
2026-07-13,17,23
2026-07-20,17,9
2024-01-01,18,76
2024-01-08,18,62
2024-01-15,18,52
2024-01-22,18,36
2024-01-29,18,17
2024-02-05,18,134
2024-02-12,18,116
2024-02-19,18,102
2024-02-26,18,81
2024-03-04,18,68
2024-03-11,18,50
2024-03-18,18,35
2024-03-25,18,23
2024-04-01,18,12
2024-04-08,18,130
2024-04-15,18,113
2024-04-22,18,80
2024-04-29,18,68
2024-05-06,18,43
2024-05-13,18,30
2024-05-20,18,6
2024-05-27,18,120
2024-06-03,18,100
2024-06-10,18,88
2024-06-17,18,71
2024-06-24,18,56
2024-07-01,18,33
2024-07-08,18,21
2024-07-15,18,137
2024-07-22,18,122
2024-07-29,18,99
2024-08-05,18,84
2024-08-12,18,67
2024-08-19,18,41
2024-08-26,18,25
2024-09-02,18,11
2024-09-09,18,126
2024-09-16,18,112
2024-09-23,18,95
2024-09-30,18,76
2024-10-07,18,66
2024-10-14,18,44
2024-10-21,18,29
2024-10-28,18,16
2024-11-04,18,120
2024-11-11,18,85
2024-11-18,18,56
2024-11-25,18,27
2024-12-02,18,7
2024-12-09,18,118
2024-12-16,18,90
2024-12-23,18,58
2024-12-30,18,27
2025-01-06,18,8
2025-01-13,18,120
2025-01-20,18,106
2025-01-27,18,92
2025-02-03,18,74
2025-02-10,18,59
2025-02-17,18,42
2025-02-24,18,27
2025-03-03,18,13
2025-03-10,18,129
2025-03-17,18,110
2025-03-24,18,88
2025-03-31,18,73
2025-04-07,18,47
2025-04-14,18,27
2025-04-21,18,10
2025-04-28,18,121
2025-05-05,18,97
2025-05-12,18,82
2025-05-19,18,63
2025-05-26,18,50
2025-06-02,18,31
2025-06-09,18,12
2025-06-16,18,116
2025-06-23,18,100
2025-06-30,18,83
2025-07-07,18,69
2025-07-14,18,47
2025-07-21,18,36
2025-07-28,18,18
2025-08-04,18,5
2025-08-11,18,120
2025-08-18,18,102
2025-08-25,18,87
2025-09-01,18,67
2025-09-08,18,44
2025-09-15,18,26
2025-09-22,18,3
2025-09-29,18,125
2025-10-06,18,109
2025-10-13,18,86
2025-10-20,18,68
2025-10-27,18,49
2025-11-03,18,30
2025-11-10,18,0
2025-11-17,18,107
2025-11-24,18,83
2025-12-01,18,58
2025-12-08,18,17
2025-12-15,18,126
2025-12-22,18,102
2025-12-29,18,66
2026-01-05,18,44
2026-01-12,18,29
2026-01-19,18,16
2026-01-26,18,136
2026-02-02,18,118
2026-02-09,18,101
2026-02-16,18,83
2026-02-23,18,67
2026-03-02,18,44
2026-03-09,18,26
2026-03-16,18,7
2026-03-23,18,120
2026-03-30,18,99
2026-04-06,18,75
2026-04-13,18,59
2026-04-20,18,33
2026-04-27,18,13
2026-05-04,18,125
2026-05-11,18,105
2026-05-18,18,85
2026-05-25,18,64
2026-06-01,18,42
2026-06-08,18,27
2026-06-15,18,10
2026-06-22,18,119
2026-06-29,18,98
2026-07-06,18,79
2026-07-13,18,57
2026-07-20,18,35
2024-01-01,19,16
2024-01-08,19,16
2024-01-15,19,13
2024-01-22,19,10
2024-01-29,19,4
2024-02-05,19,0
2024-02-12,19,25
2024-02-19,19,20
2024-02-26,19,18
2024-03-04,19,16
2024-03-11,19,13
2024-03-18,19,11
2024-03-25,19,6
2024-04-01,19,0
2024-04-08,19,0
2024-04-15,19,19
2024-04-22,19,17
2024-04-29,19,13
2024-05-06,19,11
2024-05-13,19,9
2024-05-20,19,6
2024-05-27,19,25
2024-06-03,19,20
2024-06-10,19,15
2024-06-17,19,12
2024-06-24,19,8
2024-07-01,19,6
2024-07-08,19,28
2024-07-15,19,27
2024-07-22,19,24
2024-07-29,19,21
2024-08-05,19,19
2024-08-12,19,17
2024-08-19,19,15
2024-08-26,19,11
2024-09-02,19,8
2024-09-09,19,6
2024-09-16,19,32
2024-09-23,19,29
2024-09-30,19,24
2024-10-07,19,22
2024-10-14,19,16
2024-10-21,19,12
2024-10-28,19,3
2024-11-04,19,0
2024-11-11,19,0
2024-11-18,19,23
2024-11-25,19,17
2024-12-02,19,15
2024-12-09,19,11
2024-12-16,19,0
2024-12-23,19,0
2024-12-30,19,0
2025-01-06,19,23
2025-01-13,19,22
2025-01-20,19,19
2025-01-27,19,15
2025-02-03,19,12
2025-02-10,19,11
2025-02-17,19,7
2025-02-24,19,3
2025-03-03,19,26
2025-03-10,19,20
2025-03-17,19,18
2025-03-24,19,16
2025-03-31,19,12
2025-04-07,19,7
2025-04-14,19,4
2025-04-21,19,1
2025-04-28,19,26
2025-05-05,19,20
2025-05-12,19,14
2025-05-19,19,8
2025-05-26,19,2
2025-06-02,19,0
2025-06-09,19,0
2025-06-16,19,26
2025-06-23,19,26
2025-06-30,19,25
2025-07-07,19,23
2025-07-14,19,17
2025-07-21,19,14
2025-07-28,19,12
2025-08-04,19,9
2025-08-11,19,3
2025-08-18,19,25
2025-08-25,19,22
2025-09-01,19,17
2025-09-08,19,11
2025-09-15,19,10
2025-09-22,19,4
2025-09-29,19,2
2025-10-06,19,25
2025-10-13,19,21
2025-10-20,19,17
2025-10-27,19,16
2025-11-03,19,11
2025-11-10,19,7
2025-11-17,19,4
2025-11-24,19,2
2025-12-01,19,21
2025-12-08,19,16
2025-12-15,19,7
2025-12-22,19,4
2025-12-29,19,0
2026-01-05,19,26
2026-01-12,19,21
2026-01-19,19,20
2026-01-26,19,18
2026-02-02,19,13
2026-02-09,19,10
2026-02-16,19,8
2026-02-23,19,4
2026-03-02,19,0
2026-03-09,19,25
2026-03-16,19,21
2026-03-23,19,19
2026-03-30,19,15
2026-04-06,19,12
2026-04-13,19,10
2026-04-20,19,5
2026-04-27,19,0
2026-05-04,19,20
2026-05-11,19,14
2026-05-18,19,12
2026-05-25,19,11
2026-06-01,19,6
2026-06-08,19,3
2026-06-15,19,25
2026-06-22,19,22
2026-06-29,19,17
2026-07-06,19,13
2026-07-13,19,11
2026-07-20,19,7
2024-01-01,20,15
2024-01-08,20,11
2024-01-15,20,6
2024-01-22,20,1
2024-01-29,20,0
2024-02-05,20,40
2024-02-12,20,37
2024-02-19,20,29
2024-02-26,20,23
2024-03-04,20,19
2024-03-11,20,13
2024-03-18,20,9
2024-03-25,20,7
2024-04-01,20,45
2024-04-08,20,43
2024-04-15,20,39
2024-04-22,20,31
2024-04-29,20,29
2024-05-06,20,21
2024-05-13,20,17
2024-05-20,20,11
2024-05-27,20,4
2024-06-03,20,1
2024-06-10,20,41
2024-06-17,20,33
2024-06-24,20,29
2024-07-01,20,24
2024-07-08,20,18
2024-07-15,20,13
2024-07-22,20,9
2024-07-29,20,3
2024-08-05,20,41
2024-08-12,20,35
2024-08-19,20,29
2024-08-26,20,24
2024-09-02,20,20
2024-09-09,20,17
2024-09-16,20,14
2024-09-23,20,8
2024-09-30,20,51
2024-10-07,20,44
2024-10-14,20,36
2024-10-21,20,31
2024-10-28,20,27
2024-11-04,20,25
2024-11-11,20,17
2024-11-18,20,10
2024-11-25,20,1
2024-12-02,20,0
2024-12-09,20,44
2024-12-16,20,37
2024-12-23,20,30
2024-12-30,20,25
2025-01-06,20,16
2025-01-13,20,13
2025-01-20,20,7
2025-01-27,20,49
2025-02-03,20,47
2025-02-10,20,41
2025-02-17,20,39
2025-02-24,20,36
2025-03-03,20,31
2025-03-10,20,25
2025-03-17,20,18
2025-03-24,20,17
2025-03-31,20,8
2025-04-07,20,4
2025-04-14,20,0
2025-04-21,20,42
2025-04-28,20,38
2025-05-05,20,31
2025-05-12,20,29
2025-05-19,20,24
2025-05-26,20,19
2025-06-02,20,16
2025-06-09,20,9
2025-06-16,20,2
2025-06-23,20,0
2025-06-30,20,43
2025-07-07,20,38
2025-07-14,20,33
2025-07-21,20,32
2025-07-28,20,27
2025-08-04,20,21
2025-08-11,20,14
2025-08-18,20,10
2025-08-25,20,4
2025-09-01,20,0
2025-09-08,20,0
2025-09-15,20,42
2025-09-22,20,34
2025-09-29,20,31
2025-10-06,20,28
2025-10-13,20,25
2025-10-20,20,22
2025-10-27,20,19
2025-11-03,20,16
2025-11-10,20,12
2025-11-17,20,8
2025-11-24,20,45
2025-12-01,20,40
2025-12-08,20,30
2025-12-15,20,27
2025-12-22,20,21
2025-12-29,20,18
2026-01-05,20,17
2026-01-12,20,15
2026-01-19,20,60
2026-01-26,20,60
2026-02-02,20,59
2026-02-09,20,59
2026-02-16,20,55
2026-02-23,20,54
2026-03-02,20,53
2026-03-09,20,51
2026-03-16,20,51
2026-03-23,20,51
2026-03-30,20,50
2026-04-06,20,50
2026-04-13,20,50
2026-04-20,20,48
2026-04-27,20,47
2026-05-04,20,47
2026-05-11,20,47
2026-05-18,20,46
2026-05-25,20,46
2026-06-01,20,46
2026-06-08,20,46
2026-06-15,20,44
2026-06-22,20,44
2026-06-29,20,44
2026-07-06,20,43
2026-07-13,20,41
2026-07-20,20,41
2024-01-01,21,51
2024-01-08,21,42
2024-01-15,21,31
2024-01-22,21,18
2024-01-29,21,11
2024-02-05,21,88
2024-02-12,21,76
2024-02-19,21,67
2024-02-26,21,62
2024-03-04,21,55
2024-03-11,21,47
2024-03-18,21,42
2024-03-25,21,27
2024-04-01,21,13
2024-04-08,21,4
2024-04-15,21,85
2024-04-22,21,73
2024-04-29,21,61
2024-05-06,21,52
2024-05-13,21,43
2024-05-20,21,31
2024-05-27,21,22
2024-06-03,21,16
2024-06-10,21,9
2024-06-17,21,88
2024-06-24,21,76
2024-07-01,21,58
2024-07-08,21,48
2024-07-15,21,37
2024-07-22,21,27
2024-07-29,21,12
2024-08-05,21,3
2024-08-12,21,82
2024-08-19,21,70
2024-08-26,21,67
2024-09-02,21,61
2024-09-09,21,45
2024-09-16,21,29
2024-09-23,21,17
2024-09-30,21,6
2024-10-07,21,83
2024-10-14,21,71
2024-10-21,21,58
2024-10-28,21,46
2024-11-04,21,32
2024-11-11,21,16
2024-11-18,21,0
2024-11-25,21,82
2024-12-02,21,67
2024-12-09,21,58
2024-12-16,21,38
2024-12-23,21,24
2024-12-30,21,0
2025-01-06,21,89
2025-01-13,21,76
2025-01-20,21,60
2025-01-27,21,51
2025-02-03,21,38
2025-02-10,21,26
2025-02-17,21,16
2025-02-24,21,4
2025-03-03,21,85
2025-03-10,21,66
2025-03-17,21,54
2025-03-24,21,40
2025-03-31,21,25
2025-04-07,21,12
2025-04-14,21,0
2025-04-21,21,79
2025-04-28,21,69
2025-05-05,21,53
2025-05-12,21,38
2025-05-19,21,32
2025-05-26,21,19
2025-06-02,21,5
2025-06-09,21,84
2025-06-16,21,69
2025-06-23,21,57
2025-06-30,21,46
2025-07-07,21,24
2025-07-14,21,10
2025-07-21,21,3
2025-07-28,21,80
2025-08-04,21,71
2025-08-11,21,58
2025-08-18,21,47
2025-08-25,21,35
2025-09-01,21,22
2025-09-08,21,13
2025-09-15,21,3
2025-09-22,21,81
2025-09-29,21,65
2025-10-06,21,57
2025-10-13,21,37
2025-10-20,21,18
2025-10-27,21,9
2025-11-03,21,84
2025-11-10,21,63
2025-11-17,21,49
2025-11-24,21,26
2025-12-01,21,8
2025-12-08,21,0
2025-12-15,21,70
2025-12-22,21,46
2025-12-29,21,24
2026-01-05,21,12
2026-01-12,21,88
2026-01-19,21,78
2026-01-26,21,68
2026-02-02,21,58
2026-02-09,21,45
2026-02-16,21,32
2026-02-23,21,28
2026-03-02,21,14
2026-03-09,21,0
2026-03-16,21,78
2026-03-23,21,55
2026-03-30,21,46
2026-04-06,21,36
2026-04-13,21,23
2026-04-20,21,11
2026-04-27,21,95
2026-05-04,21,78
2026-05-11,21,64
2026-05-18,21,56
2026-05-25,21,39
2026-06-01,21,28
2026-06-08,21,8
2026-06-15,21,0
2026-06-22,21,67
2026-06-29,21,59
2026-07-06,21,40
2026-07-13,21,23
2026-07-20,21,6
2024-01-01,22,71
2024-01-08,22,50
2024-01-15,22,39
2024-01-22,22,16
2024-01-29,22,125
2024-02-05,22,114
2024-02-12,22,93
2024-02-19,22,70
2024-02-26,22,59
2024-03-04,22,40
2024-03-11,22,17
2024-03-18,22,132
2024-03-25,22,114
2024-04-01,22,93
2024-04-08,22,75
2024-04-15,22,56
2024-04-22,22,34
2024-04-29,22,18
2024-05-06,22,130
2024-05-13,22,101
2024-05-20,22,81
2024-05-27,22,66
2024-06-03,22,52
2024-06-10,22,41
2024-06-17,22,16
2024-06-24,22,2
2024-07-01,22,116
2024-07-08,22,99
2024-07-15,22,83
2024-07-22,22,63
2024-07-29,22,39
2024-08-05,22,21
2024-08-12,22,0
2024-08-19,22,112
2024-08-26,22,95
2024-09-02,22,75
2024-09-09,22,53
2024-09-16,22,40
2024-09-23,22,29
2024-09-30,22,10
2024-10-07,22,114
2024-10-14,22,93
2024-10-21,22,83
2024-10-28,22,60
2024-11-04,22,42
2024-11-11,22,22
2024-11-18,22,124
2024-11-25,22,104
2024-12-02,22,78
2024-12-09,22,42
2024-12-16,22,17
2024-12-23,22,126
2024-12-30,22,89
2025-01-06,22,62
2025-01-13,22,46
2025-01-20,22,27
2025-01-27,22,17
2025-02-03,22,129
2025-02-10,22,110
2025-02-17,22,90
2025-02-24,22,80
2025-03-03,22,53
2025-03-10,22,37
2025-03-17,22,19
2025-03-24,22,121
2025-03-31,22,105
2025-04-07,22,81
2025-04-14,22,59
2025-04-21,22,39
2025-04-28,22,19
2025-05-05,22,126
2025-05-12,22,105
2025-05-19,22,85
2025-05-26,22,69
2025-06-02,22,47
2025-06-09,22,28
2025-06-16,22,3
2025-06-23,22,110
2025-06-30,22,91
2025-07-07,22,75
2025-07-14,22,61
2025-07-21,22,40
2025-07-28,22,22
2025-08-04,22,5
2025-08-11,22,110
2025-08-18,22,90
2025-08-25,22,77
2025-09-01,22,56
2025-09-08,22,40
2025-09-15,22,27
2025-09-22,22,1
2025-09-29,22,114
2025-10-06,22,87
2025-10-13,22,64
2025-10-20,22,37
2025-10-27,22,14
2025-11-03,22,121
2025-11-10,22,90
2025-11-17,22,60
2025-11-24,22,32
2025-12-01,22,12
2025-12-08,22,107
2025-12-15,22,76
2025-12-22,22,39
2025-12-29,22,7
2026-01-05,22,114
2026-01-12,22,98
2026-01-19,22,84
2026-01-26,22,72
2026-02-02,22,53
2026-02-09,22,38
2026-02-16,22,18
2026-02-23,22,1
2026-03-02,22,104
2026-03-09,22,82
2026-03-16,22,64
2026-03-23,22,49
2026-03-30,22,22
2026-04-06,22,1
2026-04-13,22,106
2026-04-20,22,87
2026-04-27,22,59
2026-05-04,22,36
2026-05-11,22,6
2026-05-18,22,117
2026-05-25,22,83
2026-06-01,22,59
2026-06-08,22,49
2026-06-15,22,40
2026-06-22,22,18
2026-06-29,22,123
2026-07-06,22,106
2026-07-13,22,92
2026-07-20,22,78
2024-01-01,23,83
2024-01-08,23,57
2024-01-15,23,34
2024-01-22,23,10
2024-01-29,23,191
2024-02-05,23,169
2024-02-12,23,150
2024-02-19,23,122
2024-02-26,23,106
2024-03-04,23,80
2024-03-11,23,56
2024-03-18,23,23
2024-03-25,23,0
2024-04-01,23,193
2024-04-08,23,167
2024-04-15,23,140
2024-04-22,23,116
2024-04-29,23,96
2024-05-06,23,70
2024-05-13,23,43
2024-05-20,23,18
2024-05-27,23,203
2024-06-03,23,171
2024-06-10,23,151
2024-06-17,23,116
2024-06-24,23,101
2024-07-01,23,75
2024-07-08,23,49
2024-07-15,23,31
2024-07-22,23,7
2024-07-29,23,184
2024-08-05,23,155
2024-08-12,23,133
2024-08-19,23,103
2024-08-26,23,82
2024-09-02,23,55
2024-09-09,23,32
2024-09-16,23,10
2024-09-23,23,191
2024-09-30,23,162
2024-10-07,23,137
2024-10-14,23,122
2024-10-21,23,102
2024-10-28,23,79
2024-11-04,23,45
2024-11-11,23,14
2024-11-18,23,184
2024-11-25,23,159
2024-12-02,23,132
2024-12-09,23,86
2024-12-16,23,55
2024-12-23,23,3
2024-12-30,23,186
2025-01-06,23,159
2025-01-13,23,132
2025-01-20,23,115
2025-01-27,23,92
2025-02-03,23,72
2025-02-10,23,46
2025-02-17,23,29
2025-02-24,23,4
2025-03-03,23,187
2025-03-10,23,157
2025-03-17,23,125
2025-03-24,23,97
2025-03-31,23,68
2025-04-07,23,38
2025-04-14,23,12
2025-04-21,23,189
2025-04-28,23,163
2025-05-05,23,135
2025-05-12,23,109
2025-05-19,23,83
2025-05-26,23,45
2025-06-02,23,12
2025-06-09,23,195
2025-06-16,23,163
2025-06-23,23,143
2025-06-30,23,116
2025-07-07,23,98
2025-07-14,23,70
2025-07-21,23,49
2025-07-28,23,23
2025-08-04,23,0
2025-08-11,23,172
2025-08-18,23,141
2025-08-25,23,120
2025-09-01,23,99
2025-09-08,23,77
2025-09-15,23,51
2025-09-22,23,22
2025-09-29,23,202
2025-10-06,23,170
2025-10-13,23,145
2025-10-20,23,111
2025-10-27,23,87
2025-11-03,23,53
2025-11-10,23,16
2025-11-17,23,186
2025-11-24,23,138
2025-12-01,23,107
2025-12-08,23,62
2025-12-15,23,14
2025-12-22,23,191
2025-12-29,23,146
2026-01-05,23,116
2026-01-12,23,87
2026-01-19,23,55
2026-01-26,23,33
2026-02-02,23,2
2026-02-09,23,181
2026-02-16,23,163
2026-02-23,23,139
2026-03-02,23,109
2026-03-09,23,79
2026-03-16,23,44
2026-03-23,23,11
2026-03-30,23,190
2026-04-06,23,161
2026-04-13,23,142
2026-04-20,23,124
2026-04-27,23,105
2026-05-04,23,75
2026-05-11,23,41
2026-05-18,23,12
2026-05-25,23,191
2026-06-01,23,157
2026-06-08,23,124
2026-06-15,23,98
2026-06-22,23,65
2026-06-29,23,28
2026-07-06,23,9
2026-07-13,23,179
2026-07-20,23,158
2024-01-01,24,124
2024-01-08,24,91
2024-01-15,24,56
2024-01-22,24,14
2024-01-29,24,299
2024-02-05,24,255
2024-02-12,24,212
2024-02-19,24,177
2024-02-26,24,146
2024-03-04,24,102
2024-03-11,24,62
2024-03-18,24,23
2024-03-25,24,314
2024-04-01,24,272
2024-04-08,24,230
2024-04-15,24,186
2024-04-22,24,151
2024-04-29,24,117
2024-05-06,24,82
2024-05-13,24,52
2024-05-20,24,11
2024-05-27,24,318
2024-06-03,24,276
2024-06-10,24,237
2024-06-17,24,202
2024-06-24,24,168
2024-07-01,24,124
2024-07-08,24,89
2024-07-15,24,50
2024-07-22,24,14
2024-07-29,24,299
2024-08-05,24,265
2024-08-12,24,225
2024-08-19,24,203
2024-08-26,24,153
2024-09-02,24,106
2024-09-09,24,74
2024-09-16,24,31
2024-09-23,24,0
2024-09-30,24,294
2024-10-07,24,252
2024-10-14,24,192
2024-10-21,24,162
2024-10-28,24,125
2024-11-04,24,70
2024-11-11,24,24
2024-11-18,24,0
2024-11-25,24,280
2024-12-02,24,212
2024-12-09,24,159
2024-12-16,24,93
2024-12-23,24,30
2024-12-30,24,0
2025-01-06,24,312
2025-01-13,24,256
2025-01-20,24,226
2025-01-27,24,179
2025-02-03,24,135
2025-02-10,24,105
2025-02-17,24,73
2025-02-24,24,30
2025-03-03,24,0
2025-03-10,24,284
2025-03-17,24,250
2025-03-24,24,200
2025-03-31,24,157
2025-04-07,24,116
2025-04-14,24,73
2025-04-21,24,22
2025-04-28,24,0
2025-05-05,24,290
2025-05-12,24,233
2025-05-19,24,182
2025-05-26,24,131
2025-06-02,24,88
2025-06-09,24,48
2025-06-16,24,0
2025-06-23,24,312
2025-06-30,24,269
2025-07-07,24,227
2025-07-14,24,188
2025-07-21,24,143
2025-07-28,24,97
2025-08-04,24,59
2025-08-11,24,18
2025-08-18,24,0
2025-08-25,24,294
2025-09-01,24,254
2025-09-08,24,210
2025-09-15,24,171
2025-09-22,24,119
2025-09-29,24,67
2025-10-06,24,31
2025-10-13,24,3
2025-10-20,24,286
2025-10-27,24,235
2025-11-03,24,176
2025-11-10,24,108
2025-11-17,24,45
2025-11-24,24,0
2025-12-01,24,305
2025-12-08,24,227
2025-12-15,24,169
2025-12-22,24,96
2025-12-29,24,20
2026-01-05,24,0
2026-01-12,24,289
2026-01-19,24,242
2026-01-26,24,196
2026-02-02,24,163
2026-02-09,24,120
2026-02-16,24,68
2026-02-23,24,16
2026-03-02,24,0
2026-03-09,24,286
2026-03-16,24,248
2026-03-23,24,189
2026-03-30,24,143
2026-04-06,24,84
2026-04-13,24,35
2026-04-20,24,0
2026-04-27,24,294
2026-05-04,24,249
2026-05-11,24,198
2026-05-18,24,152
2026-05-25,24,111
2026-06-01,24,61
2026-06-08,24,16
2026-06-15,24,0
2026-06-22,24,293
2026-06-29,24,238
2026-07-06,24,195
2026-07-13,24,149
2026-07-20,24,102
2024-01-01,25,31
2024-01-08,25,24
2024-01-15,25,17
2024-01-22,25,11
2024-01-29,25,2
2024-02-05,25,66
2024-02-12,25,55
2024-02-19,25,52
2024-02-26,25,45
2024-03-04,25,35
2024-03-11,25,27
2024-03-18,25,15
2024-03-25,25,10
2024-04-01,25,0
2024-04-08,25,66
2024-04-15,25,61
2024-04-22,25,56
2024-04-29,25,47
2024-05-06,25,36
2024-05-13,25,29
2024-05-20,25,21
2024-05-27,25,11
2024-06-03,25,1
2024-06-10,25,67
2024-06-17,25,59
2024-06-24,25,56
2024-07-01,25,46
2024-07-08,25,35
2024-07-15,25,31
2024-07-22,25,20
2024-07-29,25,15
2024-08-05,25,3
2024-08-12,25,69
2024-08-19,25,62
2024-08-26,25,51
2024-09-02,25,42
2024-09-09,25,30
2024-09-16,25,30
2024-09-23,25,21
2024-09-30,25,15
2024-10-07,25,7
2024-10-14,25,0
2024-10-21,25,65
2024-10-28,25,54
2024-11-04,25,47
2024-11-11,25,36
2024-11-18,25,24
2024-11-25,25,17
2024-12-02,25,3
2024-12-09,25,69
2024-12-16,25,51
2024-12-23,25,34
2024-12-30,25,22
2025-01-06,25,17
2025-01-13,25,12
2025-01-20,25,6
2025-01-27,25,69
2025-02-03,25,62
2025-02-10,25,55
2025-02-17,25,48
2025-02-24,25,41
2025-03-03,25,37
2025-03-10,25,31
2025-03-17,25,25
2025-03-24,25,12
2025-03-31,25,0
2025-04-07,25,0
2025-04-14,25,62
2025-04-21,25,58
2025-04-28,25,54
2025-05-05,25,44
2025-05-12,25,34
2025-05-19,25,29
2025-05-26,25,23
2025-06-02,25,18
2025-06-09,25,2
2025-06-16,25,68
2025-06-23,25,59
2025-06-30,25,52
2025-07-07,25,47
2025-07-14,25,40
2025-07-21,25,33
2025-07-28,25,24
2025-08-04,25,15
2025-08-11,25,6
2025-08-18,25,68
2025-08-25,25,62
2025-09-01,25,57
2025-09-08,25,53
2025-09-15,25,50
2025-09-22,25,41
2025-09-29,25,36
2025-10-06,25,31
2025-10-13,25,28
2025-10-20,25,22
2025-10-27,25,20
2025-11-03,25,18
2025-11-10,25,12
2025-11-17,25,2
2025-11-24,25,67
2025-12-01,25,62
2025-12-08,25,56
2025-12-15,25,46
2025-12-22,25,39
2025-12-29,25,30
2026-01-05,25,30
2026-01-12,25,30
2026-01-19,25,30
2026-01-26,25,30
2026-02-02,25,30
2026-02-09,25,28
2026-02-16,25,27
2026-02-23,25,27
2026-03-02,25,24
2026-03-09,25,23
2026-03-16,25,22
2026-03-23,25,19
2026-03-30,25,18
2026-04-06,25,18
2026-04-13,25,18
2026-04-20,25,17
2026-04-27,25,15
2026-05-04,25,14
2026-05-11,25,11
2026-05-18,25,10
2026-05-25,25,80
2026-06-01,25,79
2026-06-08,25,78
2026-06-15,25,78
2026-06-22,25,78
2026-06-29,25,78
2026-07-06,25,78
2026-07-13,25,78
2026-07-20,25,78
